<xs:schema attributeFormDefault="unqualified" elementFormDefault="qualified" xmlns:xs="http://www.w3.org/2001/XMLSchema">
  <xs:element name="oneremote">
    <xs:complexType>
      <xs:sequence>
        <xs:element name="category">
          <xs:complexType>
            <xs:sequence>
              <xs:element type="xs:string" name="item" maxOccurs="unbounded" minOccurs="0"/>
            </xs:sequence>
          </xs:complexType>
        </xs:element>
        <xs:element name="layout">
          <xs:complexType>
            <xs:sequence>
              <xs:element name="row" maxOccurs="unbounded" minOccurs="0">
                <xs:complexType>
                  <xs:sequence>
                    <xs:element name="button" maxOccurs="unbounded" minOccurs="0">
                      <xs:complexType>
                        <xs:simpleContent>
                          <xs:extension base="xs:string">
                            <xs:attribute type="xs:string" name="id" use="optional"/>
                            <xs:attribute type="xs:byte" name="config" use="optional"/>
                            <xs:attribute type="xs:string" name="style" use="optional"/>
                          </xs:extension>
                        </xs:simpleContent>
                      </xs:complexType>
                    </xs:element>
                  </xs:sequence>
                  <xs:attribute type="xs:byte" name="id" use="optional"/>
                  <xs:attribute type="xs:byte" name="style" use="optional"/>
                  <xs:attribute type="xs:string" name="height" use="optional"/>
                  <xs:attribute type="xs:string" name="margin" use="optional"/>
                </xs:complexType>
              </xs:element>
            </xs:sequence>
            <xs:attribute type="xs:string" name="category"/>
          </xs:complexType>
        </xs:element>
      </xs:sequence>
    </xs:complexType>
  </xs:element>
</xs:schema>